Name,Team,Rank
Jahmyr Gibbs,DET,1
Bijan Robinson,ATL,2
Christian McCaffrey,SF,3
Jonathan Taylor,IND,4
James Cook III,BUF,5
Derrick Henry,BAL,6
De'Von Achane,MIA,7
Ashton Jeanty,LV,8
Kenneth Walker III,KC,9
Chase Brown,CIN,10
Omarion Hampton,LAC,11
Saquon Barkley,PHI,12
Josh Jacobs,GB,13
Kyren Williams,LAR,14
Jeremiyah Love,ARI,15
Cam Skattebo,NYG,16
Breece Hall,NYJ,17
Javonte Williams,DAL,18
Bucky Irving,TB,19
D'Andre Swift,CHI,20
Bhayshul Tuten,JAX,21
TreVeyon Henderson,NE,22
Travis Etienne Jr.,NO,23
Quinshon Judkins,CLE,24
David Montgomery,HOU,25
Chuba Hubbard,CAR,26
Jadarian Price,SEA,27
Jaylen Warren,PIT,28
Rico Dowdle,PIT,29
Rhamondre Stevenson,NE,30
Tony Pollard,TEN,31
Kenny Gainwell,TB,32
Kyle Monangai,CHI,33
Jordan Mason,MIN,34
Jacory Croskey-Merritt,WAS,35
RJ Harvey,DEN,36
Rachaad White,WAS,37
J.K. Dobbins,DEN,38
Blake Corum,LAR,39
Aaron Jones Sr.,MIN,40
Tyjae Spears,TEN,41
Tyrone Tracy Jr.,NYG,42
Chris Rodriguez Jr.,JAX,43
Woody Marks,HOU,44
Isiah Pacheco,DET,45
Zach Charbonnet,SEA,46
Dylan Sampson,CLE,47
Jonah Coleman,DEN,48
Brian Robinson Jr.,ATL,49
Alvin Kamara,NO,50
Keaton Mitchell,LAC,51
Tyler Allgeier,ARI,52
Jonathon Brooks,CAR,53
Kimani Vidal,LAC,54
Jordan James,SF,55
Tank Bigsby,PHI,56
Justice Hill,BAL,57
Samaje Perine,CIN,58
Mike Washington Jr.,LV,59
James Conner,ARI,60
Braelon Allen,NYJ,61
Ty Johnson,BUF,62
MarShawn Lloyd,GB,63
Nicholas Singleton,TEN,64
Emmett Johnson,KC,65
DJ Giddens,IND,66
Kaelon Black,SF,67
Jerome Ford,WAS,68
Ray Davis,BUF,69
Sean Tucker,TB,70
Isaiah Davis,NYJ,71
Emanuel Wilson,SEA,72
Jaylen Wright,MIA,73
Devin Singletary,NYG,74
Devin Neal,NO,75
LeQuint Allen Jr.,JAX,76
George Holani,SEA,77
Brashard Smith,KC,78
Jaydon Blue,DAL,79
Kaytron Allen,WAS,80
Trevor Etienne,CAR,81
Emari Demercado,KC,82
Kaleb Johnson,PIT,83
Will Shipley,PHI,84
Ollie Gordon II,MIA,85
Adam Randall,BAL,86
Demond Claiborne,MIN,87
AJ Dillon,CAR,88
Tahj Brooks,CIN,89
Audric Estimé,NO,90
